Type,Indicator,Tags,Confidence,"Kill Chain","Create Date",ASN,Org,Country
IP,48.155.205.233,"CVE-2021-44228 | Log4j2 | Scanner",Medium,Exploitation,"2022-06-08 16:47:57 PDT",,,"United States"
URL,http://2.192.67.0/,"CVE-2021-44228 | Infrastructure | Log4Shell | Log4j2 | Malware CnC",High,"Command & Control","2022-03-29 19:54:12 PDT",16232,"Telecom Italia S.p.A.",Italy
IP,80.155.38.212,"APT | CVE-2021-44228 | Cyclops Blink | Infrastructure | Log4Shell | Log4j2 | Malware CnC | Sandworm",High,"Command & Control","2022-03-18 01:42:59 PDT",3320,"Deutsche Telekom AG",Germany
IP,93.51.177.68,"APT | CVE-2021-44228 | Cyclops Blink | Infrastructure | Log4Shell | Log4j2 | Malware CnC | Sandworm",High,"Command & Control","2022-03-18 01:42:59 PDT",12874,"Fastweb SpA",Italy
IP,50.243.3.157,"APT | CVE-2021-44228 | Cyclops Blink | Infrastructure | Log4Shell | Log4j2 | Malware CnC | Sandworm",High,"Command & Control","2022-03-18 01:42:59 PDT",7922,"Comcast Cable Communications, LLC","United States"
IP,80.155.38.213,"APT | CVE-2021-44228 | Cyclops Blink | Infrastructure | Log4Shell | Log4j2 | Malware CnC | Sandworm",High,"Command & Control","2022-03-18 01:42:59 PDT",3320,"Deutsche Telekom AG",Germany
IP,93.51.177.69,"APT | CVE-2021-44228 | Cyclops Blink | Infrastructure | Log4Shell | Log4j2 | Malware CnC | Sandworm",High,"Command & Control","2022-03-18 01:42:59 PDT",12874,"Fastweb SpA",Italy
IP,65.183.166.218,"APT | CVE-2021-44228 | Cyclops Blink | Infrastructure | Log4Shell | Log4j2 | Malware CnC | Sandworm",High,"Command & Control","2022-03-18 01:42:59 PDT",12129,"123.Net, Inc.","United States"
IP,81.4.177.114,"APT | CVE-2021-44228 | Cyclops Blink | Infrastructure | Log4Shell | Log4j2 | Malware CnC | Sandworm",High,"Command & Control","2022-03-18 01:42:59 PDT",6866,"Cyprus Telecommunications Authority",Cyprus
IP,96.67.145.115,"APT | CVE-2021-44228 | Cyclops Blink | Infrastructure | Log4Shell | Log4j2 | Malware CnC | Sandworm",High,"Command & Control","2022-03-18 01:42:59 PDT",7922,"Comcast Cable Communications, LLC","United States"
IP,65.183.166.219,"APT | CVE-2021-44228 | Cyclops Blink | Infrastructure | Log4Shell | Log4j2 | Malware CnC | Sandworm",High,"Command & Control","2022-03-18 01:42:59 PDT",12129,"123.Net, Inc.","United States"
IP,81.4.177.115,"APT | CVE-2021-44228 | Cyclops Blink | Infrastructure | Log4Shell | Log4j2 | Malware CnC | Sandworm",High,"Command & Control","2022-03-18 01:42:59 PDT",6866,"Cyprus Telecommunications Authority",Cyprus
IP,96.80.68.194,"APT | CVE-2021-44228 | Cyclops Blink | Infrastructure | Log4Shell | Log4j2 | Malware CnC | Sandworm",High,"Command & Control","2022-03-18 01:42:59 PDT",7922,"Comcast Cable Communications, LLC","United States"
IP,65.183.166.220,"APT | CVE-2021-44228 | Cyclops Blink | Infrastructure | Log4Shell | Log4j2 | Malware CnC | Sandworm",High,"Command & Control","2022-03-18 01:42:59 PDT",12129,"123.Net, Inc.","United States"
IP,81.4.177.116,"APT | CVE-2021-44228 | Cyclops Blink | Infrastructure | Log4Shell | Log4j2 | Malware CnC | Sandworm",High,"Command & Control","2022-03-18 01:42:59 PDT",6866,"Cyprus Telecommunications Authority",Cyprus
IP,96.80.68.195,"APT | CVE-2021-44228 | Cyclops Blink | Infrastructure | Log4Shell | Log4j2 | Malware CnC | Sandworm",High,"Command & Control","2022-03-18 01:42:59 PDT",7922,"Comcast Cable Communications, LLC","United States"
IP,65.183.166.222,"APT | CVE-2021-44228 | Cyclops Blink | Infrastructure | Log4Shell | Log4j2 | Malware CnC | Sandworm",High,"Command & Control","2022-03-18 01:42:59 PDT",12129,"123.Net, Inc.","United States"
IP,81.4.177.117,"APT | CVE-2021-44228 | Cyclops Blink | Infrastructure | Log4Shell | Log4j2 | Malware CnC | Sandworm",High,"Command & Control","2022-03-18 01:42:59 PDT",6866,"Cyprus Telecommunications Authority",Cyprus
IP,37.26.183.94,"APT | CVE-2021-44228 | Cyclops Blink | Infrastructure | Log4Shell | Log4j2 | Malware CnC | Sandworm",High,"Command & Control","2022-03-18 01:42:59 PDT",48504,"Destiny France Partenaires SAS",France
IP,96.80.68.196,"APT | CVE-2021-44228 | Cyclops Blink | Infrastructure | Log4Shell | Log4j2 | Malware CnC | Sandworm",High,"Command & Control","2022-03-18 01:42:59 PDT",7922,"Comcast Cable Communications, LLC","United States"
IP,69.54.25.34,"APT | CVE-2021-44228 | Cyclops Blink | Infrastructure | Log4Shell | Log4j2 | Malware CnC | Sandworm",High,"Command & Control","2022-03-18 01:42:59 PDT",12282,"Selectronics Corp.","United States"
IP,82.198.72.201,"APT | CVE-2021-44228 | Cyclops Blink | Infrastructure | Log4Shell | Log4j2 | Malware CnC | Sandworm",High,"Command & Control","2022-03-18 01:42:59 PDT",60294,"Deutsche Glasfaser Wholesale GmbH",Germany
IP,37.99.163.163,"APT | CVE-2021-44228 | Cyclops Blink | Infrastructure | Log4Shell | Log4j2 | Malware CnC | Sandworm",High,"Command & Control","2022-03-18 01:42:59 PDT",47794,"Etihad Atheeb Telecom Company","Saudi Arabia"
IP,96.80.68.197,"APT | CVE-2021-44228 | Cyclops Blink | Infrastructure | Log4Shell | Log4j2 | Malware CnC | Sandworm",High,"Command & Control","2022-03-18 01:42:59 PDT",7922,"Comcast Cable Communications, LLC","United States"
IP,70.89.246.33,"APT | CVE-2021-44228 | Cyclops Blink | Infrastructure | Log4Shell | Log4j2 | Malware CnC | Sandworm",High,"Command & Control","2022-03-18 01:42:59 PDT",7922,"Comcast Cable Communications, LLC","United States"
IP,82.62.143.41,"APT | CVE-2021-44228 | Cyclops Blink | Infrastructure | Log4Shell | Log4j2 | Malware CnC | Sandworm",High,"Command & Control","2022-03-18 01:42:59 PDT",3269,"Telecom Italia S.p.A.",Italy
IP,37.99.163.165,"APT | CVE-2021-44228 | Cyclops Blink | Infrastructure | Log4Shell | Log4j2 | Malware CnC | Sandworm",High,"Command & Control","2022-03-18 01:42:59 PDT",47794,"Etihad Atheeb Telecom Company","Saudi Arabia"
IP,97.87.91.211,"APT | CVE-2021-44228 | Cyclops Blink | Infrastructure | Log4Shell | Log4j2 | Malware CnC | Sandworm",High,"Command & Control","2022-03-18 01:42:59 PDT",20115,"Charter Communications","United States"
IP,70.89.246.34,"APT | CVE-2021-44228 | Cyclops Blink | Infrastructure | Log4Shell | Log4j2 | Malware CnC | Sandworm",High,"Command & Control","2022-03-18 01:42:59 PDT",7922,"Comcast Cable Communications, LLC","United States"
IP,87.139.213.76,"APT | CVE-2021-44228 | Cyclops Blink | Infrastructure | Log4Shell | Log4j2 | Malware CnC | Sandworm",High,"Command & Control","2022-03-18 01:42:59 PDT",3320,"Deutsche Telekom AG",Germany
IP,37.99.163.166,"APT | CVE-2021-44228 | Cyclops Blink | Infrastructure | Log4Shell | Log4j2 | Malware CnC | Sandworm",High,"Command & Control","2022-03-18 01:42:59 PDT",47794,"Etihad Atheeb Telecom Company","Saudi Arabia"
IP,97.87.91.212,"APT | CVE-2021-44228 | Cyclops Blink | Infrastructure | Log4Shell | Log4j2 | Malware CnC | Sandworm",High,"Command & Control","2022-03-18 01:42:59 PDT",20115,"Charter Communications","United States"
IP,70.89.246.35,"APT | CVE-2021-44228 | Cyclops Blink | Infrastructure | Log4Shell | Log4j2 | Malware CnC | Sandworm",High,"Command & Control","2022-03-18 01:42:59 PDT",7922,"Comcast Cable Communications, LLC","United States"
IP,87.193.135.123,"APT | CVE-2021-44228 | Cyclops Blink | Infrastructure | Log4Shell | Log4j2 | Malware CnC | Sandworm",High,"Command & Control","2022-03-18 01:42:59 PDT",20676,"Plusnet GmbH",Germany
IP,41.142.240.197,"APT | CVE-2021-44228 | Cyclops Blink | Infrastructure | Log4Shell | Log4j2 | Malware CnC | Sandworm",High,"Command & Control","2022-03-18 01:42:59 PDT",6713,"Office National des Postes et Telecommunications ONPT (Maroc Telecom) / IAM",Morocco
IP,97.87.91.213,"APT | CVE-2021-44228 | Cyclops Blink | Infrastructure | Log4Shell | Log4j2 | Malware CnC | Sandworm",High,"Command & Control","2022-03-18 01:42:59 PDT",20115,"Charter Communications","United States"
IP,70.89.246.36,"APT | CVE-2021-44228 | Cyclops Blink | Infrastructure | Log4Shell | Log4j2 | Malware CnC | Sandworm",High,"Command & Control","2022-03-18 01:42:59 PDT",7922,"Comcast Cable Communications, LLC","United States"
IP,90.85.224.121,"APT | CVE-2021-44228 | Cyclops Blink | Infrastructure | Log4Shell | Log4j2 | Malware CnC | Sandworm",High,"Command & Control","2022-03-18 01:42:59 PDT",3215,"Orange S.A.",France
IP,50.192.49.210,"APT | CVE-2021-44228 | Cyclops Blink | Infrastructure | Log4Shell | Log4j2 | Malware CnC | Sandworm",High,"Command & Control","2022-03-18 01:42:59 PDT",7922,"Comcast Cable Communications, LLC","United States"
IP,97.87.91.214,"APT | CVE-2021-44228 | Cyclops Blink | Infrastructure | Log4Shell | Log4j2 | Malware CnC | Sandworm",High,"Command & Control","2022-03-18 01:42:59 PDT",20115,"Charter Communications","United States"
IP,70.89.246.37,"APT | CVE-2021-44228 | Cyclops Blink | Infrastructure | Log4Shell | Log4j2 | Malware CnC | Sandworm",High,"Command & Control","2022-03-18 01:42:59 PDT",7922,"Comcast Cable Communications, LLC","United States"
IP,90.85.224.122,"APT | CVE-2021-44228 | Cyclops Blink | Infrastructure | Log4Shell | Log4j2 | Malware CnC | Sandworm",High,"Command & Control","2022-03-18 01:42:59 PDT",3215,"Orange S.A.",France
IP,50.196.104.201,"APT | CVE-2021-44228 | Cyclops Blink | Infrastructure | Log4Shell | Log4j2 | Malware CnC | Sandworm",High,"Command & Control","2022-03-18 01:42:59 PDT",7922,"Comcast Cable Communications, LLC","United States"
IP,97.87.91.215,"APT | CVE-2021-44228 | Cyclops Blink | Infrastructure | Log4Shell | Log4j2 | Malware CnC | Sandworm",High,"Command & Control","2022-03-18 01:42:59 PDT",20115,"Charter Communications","United States"
IP,70.91.93.133,"APT | CVE-2021-44228 | Cyclops Blink | Infrastructure | Log4Shell | Log4j2 | Malware CnC | Sandworm",High,"Command & Control","2022-03-18 01:42:59 PDT",7922,"Comcast Cable Communications, LLC","United States"
IP,90.85.224.123,"APT | CVE-2021-44228 | Cyclops Blink | Infrastructure | Log4Shell | Log4j2 | Malware CnC | Sandworm",High,"Command & Control","2022-03-18 01:42:59 PDT",3215,"Orange S.A.",France
IP,50.243.3.153,"APT | CVE-2021-44228 | Cyclops Blink | Infrastructure | Log4Shell | Log4j2 | Malware CnC | Sandworm",High,"Command & Control","2022-03-18 01:42:59 PDT",7922,"Comcast Cable Communications, LLC","United States"
IP,97.87.91.216,"APT | CVE-2021-44228 | Cyclops Blink | Infrastructure | Log4Shell | Log4j2 | Malware CnC | Sandworm",High,"Command & Control","2022-03-18 01:42:59 PDT",20115,"Charter Communications","United States"
IP,72.68.69.63,"APT | CVE-2021-44228 | Cyclops Blink | Infrastructure | Log4Shell | Log4j2 | Malware CnC | Sandworm",High,"Command & Control","2022-03-18 01:42:59 PDT",701,"Verizon Business","United States"
IP,90.85.224.124,"APT | CVE-2021-44228 | Cyclops Blink | Infrastructure | Log4Shell | Log4j2 | Malware CnC | Sandworm",High,"Command & Control","2022-03-18 01:42:59 PDT",3215,"Orange S.A.",France
IP,50.243.3.154,"APT | CVE-2021-44228 | Cyclops Blink | Infrastructure | Log4Shell | Log4j2 | Malware CnC | Sandworm",High,"Command & Control","2022-03-18 01:42:59 PDT",7922,"Comcast Cable Communications, LLC","United States"
IP,97.87.91.217,"APT | CVE-2021-44228 | Cyclops Blink | Infrastructure | Log4Shell | Log4j2 | Malware CnC | Sandworm",High,"Command & Control","2022-03-18 01:42:59 PDT",20115,"Charter Communications","United States"
IP,79.11.46.30,"APT | CVE-2021-44228 | Cyclops Blink | Infrastructure | Log4Shell | Log4j2 | Malware CnC | Sandworm",High,"Command & Control","2022-03-18 01:42:59 PDT",3269,"Telecom Italia S.p.A.",Italy
IP,90.85.224.125,"APT | CVE-2021-44228 | Cyclops Blink | Infrastructure | Log4Shell | Log4j2 | Malware CnC | Sandworm",High,"Command & Control","2022-03-18 01:42:59 PDT",3215,"Orange S.A.",France
IP,50.243.3.155,"APT | CVE-2021-44228 | Cyclops Blink | Infrastructure | Log4Shell | Log4j2 | Malware CnC | Sandworm",High,"Command & Control","2022-03-18 01:42:59 PDT",7922,"Comcast Cable Communications, LLC","United States"
IP,97.87.91.218,"APT | CVE-2021-44228 | Cyclops Blink | Infrastructure | Log4Shell | Log4j2 | Malware CnC | Sandworm",High,"Command & Control","2022-03-18 01:42:59 PDT",20115,"Charter Communications","United States"
IP,80.118.6.90,"APT | CVE-2021-44228 | Cyclops Blink | Infrastructure | Log4Shell | Log4j2 | Malware CnC | Sandworm",High,"Command & Control","2022-03-18 01:42:59 PDT",15557,"Societe Francaise Du Radiotelephone - SFR SA",France
IP,93.51.177.67,"APT | CVE-2021-44228 | Cyclops Blink | Infrastructure | Log4Shell | Log4j2 | Malware CnC | Sandworm",High,"Command & Control","2022-03-18 01:42:59 PDT",12874,"Fastweb SpA",Italy
IP,50.243.3.156,"APT | CVE-2021-44228 | Cyclops Blink | Infrastructure | Log4Shell | Log4j2 | Malware CnC | Sandworm",High,"Command & Control","2022-03-18 01:42:59 PDT",7922,"Comcast Cable Communications, LLC","United States"
IP,97.87.91.219,"APT | CVE-2021-44228 | Cyclops Blink | Infrastructure | Log4Shell | Log4j2 | Malware CnC | Sandworm",High,"Command & Control","2022-03-18 01:42:59 PDT",20115,"Charter Communications","United States"
IP,80.155.38.211,"APT | CVE-2021-44228 | Cyclops Blink | Infrastructure | Log4Shell | Log4j2 | Malware CnC | Sandworm",High,"Command & Control","2022-03-18 01:42:59 PDT",3320,"Deutsche Telekom AG",Germany
IP,37.99.163.164,"APT | CVE-2021-44228 | Cyclops Blink | Infrastructure | Log4Shell | Log4j2 | Malware CnC | Sandworm",High,"Command & Control","2022-03-18 01:42:58 PDT",47794,"Etihad Atheeb Telecom Company","Saudi Arabia"
IP,24.96.94.11,"APT | CVE-2021-44228 | Cyclops Blink | Infrastructure | Log4Shell | Log4j2 | Malware CnC | Sandworm",High,"Command & Control","2022-03-18 01:42:58 PDT",12083,"WideOpenWest Finance LLC","United States"
Domain,webserv.systems,"B1txor20 | CVE-2021-44228 | Log4Shell | Log4j2 | Malware CnC",High,"Command & Control","2022-03-17 13:27:30 PDT",,,
IP,90.63.245.175,"APT | CVE-2021-44228 | Cyclops Blink | Infrastructure | Log4Shell | Log4j2 | Malware CnC | Sandworm",High,"Command & Control","2022-02-23 10:36:28 PST",3215,"Orange S.A.",France
IP,96.80.68.193,"APT | CVE-2021-44228 | Cyclops Blink | Infrastructure | Log4Shell | Log4j2 | Malware CnC | Sandworm",High,"Command & Control","2022-02-23 10:36:28 PST",7922,"Comcast Cable Communications, LLC","United States"
IP,80.153.75.103,"APT | CVE-2021-44228 | Cyclops Blink | Infrastructure | Log4Shell | Log4j2 | Malware CnC | Sandworm",High,"Command & Control","2022-02-23 10:36:28 PST",3320,"Deutsche Telekom AG",Germany
IP,80.155.38.210,"APT | CVE-2021-44228 | Cyclops Blink | Infrastructure | Log4Shell | Log4j2 | Malware CnC | Sandworm",High,"Command & Control","2022-02-23 10:36:28 PST",3320,"Deutsche Telekom AG",Germany
IP,81.4.177.118,"APT | CVE-2021-44228 | Cyclops Blink | Infrastructure | Log4Shell | Log4j2 | Malware CnC | Sandworm",High,"Command & Control","2022-02-23 10:36:28 PST",6866,"Cyprus Telecommunications Authority",Cyprus
IP,37.71.147.186,"APT | CVE-2021-44228 | Cyclops Blink | Infrastructure | Log4Shell | Log4j2 | Malware CnC | Sandworm",High,"Command & Control","2022-02-23 10:36:27 PST",15557,"Societe Francaise Du Radiotelephone - SFR SA",France
IP,37.99.163.162,"APT | CVE-2021-44228 | Cyclops Blink | Infrastructure | Log4Shell | Log4j2 | Malware CnC | Sandworm",High,"Command & Control","2022-02-23 10:36:27 PST",47794,"Etihad Atheeb Telecom Company","Saudi Arabia"
IP,50.255.126.65,"APT | CVE-2021-44228 | Cyclops Blink | Infrastructure | Log4Shell | Log4j2 | Malware CnC | Sandworm",High,"Command & Control","2022-02-23 10:36:27 PST",7922,"Comcast Cable Communications, LLC","United States"
IP,70.62.153.174,"APT | CVE-2021-44228 | Cyclops Blink | Infrastructure | Log4Shell | Log4j2 | Malware CnC | Sandworm",High,"Command & Control","2022-02-23 10:36:27 PST",10796,"Charter Communications Inc","United States"
IP,78.134.89.167,"APT | CVE-2021-44228 | Cyclops Blink | Infrastructure | Log4Shell | Log4j2 | Malware CnC | Sandworm",High,"Command & Control","2022-02-23 10:36:27 PST",35612,"EOLO S.p.A.",Italy
IP,80.15.113.188,"APT | CVE-2021-44228 | Cyclops Blink | Infrastructure | Log4Shell | Log4j2 | Malware CnC | Sandworm",High,"Command & Control","2022-02-23 10:36:27 PST",3215,"Orange S.A.",France
Domain,www.microsoft-updateserver.cf,"CVE-2021-44228 | Log4Shell | Log4j | Log4j2 | Malicious Websites | Malware CnC",High,"Command & Control","2022-02-21 08:07:55 PST",,,
Domain,www.service-management.tk,"CVE-2021-44228 | Log4Shell | Log4j | Log4j2 | Malicious Websites | Malware CnC",High,"Installation | Command & Control","2022-02-21 08:07:55 PST",,,
File,7f680efadef8c0b3a192b2814077b7b5d8543d20dd24b1d8939f3fec013059a3,"Backdoor | CVE-2021-44228 | Exe | Log4j | Log4j2 | Malware | TunnelVision",High,Installation,"2022-02-18 01:21:27 PST",,,
File,c40923c35aed9830a3c295894663cb8bfd331640f5593f0d4da729accb22c4bb,"Backdoor | CVE-2021-44228 | Exe | Log4j | Log4j2 | Malware | TunnelVision",High,Installation,"2022-02-18 01:21:27 PST",,,
URL,https://www.microsoft-updateserver.cf/gadfTs55sghsSSS,"CVE-2021-44228 | Log4Shell | Log4j | Log4j2 | Malware CnC",High,"Command & Control","2022-02-18 01:21:27 PST",,,
Domain,onedriver-srv.ml,"CVE-2021-44228 | Cobalt Mirage | Log4Shell | Log4j | Log4j2 | Malware CnC | Ransomware",High,"Command & Control","2022-02-18 01:21:27 PST",,,
Domain,service-management.tk,"CVE-2021-44228 | Cobalt Mirage | Log4Shell | Log4j | Log4j2 | Malicious Websites | Malware CnC | Ransomware",High,"Installation | Command & Control","2022-02-18 01:21:27 PST",,,
IP,207.148.76.173,"CVE-2021-44228 | Log4j | Log4j2 | Scanner",Medium,Exploitation,"2021-12-23 16:44:57 PST",20473,"The Constant Company, LLC",Singapore
IP,211.149.226.224,"CVE-2021-44228 | Log4j | Log4j2 | Scanner",Medium,Exploitation,"2021-12-23 16:44:57 PST",38283,"CHINANET SiChuan Telecom Internet Data Center",China
IP,218.202.7.174,"CVE-2021-44228 | Log4j | Log4j2 | Scanner",Medium,Exploitation,"2021-12-23 16:44:57 PST",9808,"China Mobile",China
IP,45.139.236.17,"CVE-2021-44228 | Log4j | Log4j2 | Malicious Websites",Medium,Installation,"2021-12-23 16:44:57 PST",,,"Russian Federation"
IP,45.80.181.55,"CVE-2021-44228 | Log4Shell | Log4j | Log4j2 | Malicious Websites | Scanner",Medium,"Exploitation | Installation","2021-12-23 16:44:57 PST",47583,"Hostinger International Limited",Singapore
IP,47.241.234.146,"CVE-2021-44228 | Log4j | Log4j2 | Malicious Websites",Medium,Installation,"2021-12-23 16:44:57 PST",45102,"Alibaba (US) Technology Co., Ltd.",Singapore
IP,165.154.8.79,"CVE-2021-44228 | Log4j | Log4j2 | Malicious Websites",Medium,Installation,"2021-12-23 16:44:56 PST",135377,"UCLOUD INFORMATION TECHNOLOGY (HK) LIMITED",India
IP,168.235.71.192,"CVE-2021-44228 | Log4j | Log4j2 | Malicious Websites",Medium,Installation,"2021-12-23 16:44:56 PST",3842,"InMotion Hosting, Inc.","United States"
IP,185.51.134.23,"CVE-2021-44228 | Log4j | Log4j2 | Malicious Websites",Medium,Installation,"2021-12-23 16:44:56 PST",206804,"EstNOC OY",Greece
IP,192.210.200.66,"CVE-2021-44228 | CVE-2022-39952 | CoinMiner | Infrastructure | Log4j | Log4j2 | Malicious Websites | Malware CnC | Unknownmalware",High,"Exploitation | Installation | Command & Control","2021-12-23 16:44:56 PST",36352,ColoCrossing,"United States"
IP,192.53.112.192,"CVE-2021-44228 | Log4j | Log4j2 | Malicious Websites",Medium,Installation,"2021-12-23 16:44:56 PST",63949,"Akamai Connected Cloud",Singapore
IP,195.182.79.218,"CVE-2021-44228 | Log4j | Log4j2 | Scanner",Medium,Exploitation,"2021-12-23 16:44:56 PST",6769,"Kertinis valstybes telekomunikaciju centras",Lithuania
IP,103.13.230.149,"CVE-2021-44228 | Log4Shell | Log4j | Log4j2 | Malicious Websites | Scanner",Medium,"Exploitation | Installation","2021-12-23 16:44:55 PST",23884,"Proen Corp Public Company Limited",Thailand
IP,109.248.144.19,"CVE-2021-44228 | Log4j | Log4j2 | Malicious Websites",Medium,Installation,"2021-12-23 16:44:55 PST",60567,"DataClub S.A.",Sweden
URL,http://185.220.100.255/,"CVE-2021-44228 | Log4Shell | Log4j | Log4j2 | Scanner",Medium,Exploitation,"2021-12-21 23:16:16 PST",,,Germany
IP,158.247.216.148,"CVE-2021-44228 | Log4Shell | Log4j | Log4j2 | Malicious Websites | Malware CnC | Ransomware | Scanner | TellYouThePass Ransomware",Medium,"Exploitation | Installation | Command & Control","2021-12-19 16:54:04 PST",20473,"The Constant Company, LLC","Republic Of Korea"
IP,14.215.128.148,"CVE-2021-44228 | Log4Shell | Log4j | Log4j2 | Malicious Websites | Scanner",Medium,"Exploitation | Installation","2021-12-18 06:26:41 PST",4134,"Asia Pacific Network Information Centre",China
IP,182.131.31.122,"CVE-2021-44228 | Infrastructure | Log4Shell | Log4j | Log4j2 | Malicious Websites | Malware CnC | Scanner",High,"Exploitation | Installation | Command & Control","2021-12-18 06:26:41 PST",38283,"CHINANET SiChuan Telecom Internet Data Center",China
IP,111.127.128.136,"CVE-2021-44228 | Log4Shell | Log4j | Log4j RCE | Log4j2 | Scanner",Medium,Exploitation,"2021-12-17 01:16:08 PST",4134,"Asia Pacific Network Information Centre",China
IP,113.207.68.47,"CVE-2021-44228 | Log4Shell | Log4j | Log4j RCE | Log4j2 | Scanner",Medium,Exploitation,"2021-12-17 01:16:08 PST",4837,"CHINA UNICOM China169 Backbone",China
IP,116.206.103.246,"CVE-2021-44228 | Log4Shell | Log4j | Log4j RCE | Log4j2 | Scanner",Medium,Exploitation,"2021-12-17 01:16:08 PST",48024,"NEROCLOUD LTD","Hong Kong"
IP,117.89.128.117,"CVE-2021-44228 | Log4Shell | Log4j | Log4j RCE | Log4j2 | Scanner",Medium,Exploitation,"2021-12-17 01:16:08 PST",4134,"Asia Pacific Network Information Centre",China
IP,31.131.16.127,"CVE-2021-44228 | Infrastructure | Log4Shell | Log4j | Log4j RCE | Log4j2 | Malicious Websites | Malware CnC | Rogue-ldap | Scanner | Tsunami | Unknownmalware | Unknownmalware C2",High,"Exploitation | Installation | Command & Control","2021-12-16 02:05:57 PST",56851,"PE Skurykhin Mukola Volodumurovuch",Ukraine
IP,206.188.196.219,"CVE-2021-44228 | Log4Shell | Log4j | Log4j RCE | Log4j2 | Malicious Websites | Scanner",Medium,"Exploitation | Installation","2021-12-15 03:45:58 PST",399629,"BL Networks",Netherlands
IP,38.143.9.76,"CVE-2021-44228 | Log4Shell | Log4j | Log4j RCE | Log4j2 | Malicious Websites | Scanner",Medium,"Exploitation | Installation","2021-12-15 03:45:58 PST",55799,"TechAvenue Sdn Bhd","United States"
IP,101.43.40.206,"CVE-2021-44228 | Log4Shell | Log4j | Log4j RCE | Log4j2 | Malicious Websites | Scanner",Medium,"Exploitation | Installation | Command & Control","2021-12-15 03:45:57 PST",45090,"Shenzhen Tencent Computer Systems Company Limited",China
IP,167.71.175.10,"CVE-2021-44228 | Log4Shell | Log4j | Log4j RCE | Log4j2 | Scanner",Medium,Exploitation,"2021-12-15 00:05:59 PST",14061,"DigitalOcean, LLC","United States"
IP,54.210.230.186,"CVE-2021-44228 | Log4Shell | Log4j | Log4j RCE | Log4j2 | Malicious Websites | Muhstik | Scanner | XMRig Miner",Medium,"Exploitation | Installation","2021-12-14 20:22:45 PST",14618,"Amazon.com, Inc.","United States"
IP,170.178.196.41,"CVE-2021-44228 | Elf | Log4Shell | Log4j | Log4j2 | Malicious Websites | Scanner",Medium,"Exploitation | Installation","2021-12-13 10:45:40 PST",35916,"MULTACOM CORPORATION","United States"
IP,155.94.154.170,"BillGates | CVE-2021-44228 | Elf | Elknot | Log4Shell | Log4j | Log4j RCE | Log4j2 | Malicious Websites | Payload | Scanner | intel",Medium,"Exploitation | Installation","2021-12-13 08:45:31 PST",64270,"QuadraNet Enterprises LLC","United States"
IP,195.54.160.149,"CVE-2021-44228 | Cryptomining | Cuba Ransomware | Infrastructure | Kinsing C2 | Log4Shell | Log4j | Log4j RCE | Log4j2 | Malicious Websites | Malware CnC | Rogue-ldap | Scanner | Unknownmalware | Unknownmalware C2",High,"Exploitation | Installation | Command & Control","2021-12-12 23:45:57 PST",62005,"BlueVPS OU","Russian Federation"
IP,193.3.19.159,"CVE-2021-44228 | Log4Shell | Log4j | Log4j RCE | Log4j2 | Malicious Websites | Malware CnC | Rogue-ldap | Scanner | Unknownmalware | Unknownmalware C2",Medium,"Exploitation | Installation | Command & Control","2021-12-12 23:45:57 PST",50340,"OOO ""Network of data-centers ""Selectel""","Russian Federation"
IP,185.250.148.157,"Bash | CVE-2021-44228 | Log4Shell | Log4j | Log4j RCE | Log4j2 | Malicious Websites | Malware CnC | Rogue | Rogue-ldap | Scanner | Sh | Unknownmalware | Unknownmalware C2",Medium,"Exploitation | Installation | Command & Control","2021-12-12 23:14:47 PST",44477,"STARK INDUSTRIES SOLUTIONS LTD",Moldova
IP,45.83.193.150,"CVE-2021-44228 | Log4Shell | Log4j | Log4j RCE | Log4j2 | Malicious Websites | Malware CnC | Rogue-ldap | Scanner | Unknownmalware | Unknownmalware C2",Medium,"Exploitation | Installation | Command & Control","2021-12-12 20:27:58 PST",56851,"PE Skurykhin Mukola Volodumurovuch",Netherlands
IP,31.220.58.29,"CVE-2021-44228 | Log4Shell | Log4j | Log4j RCE | Log4j2 | Malicious Websites | Muhstik | Scanner",Medium,"Exploitation | Installation","2021-12-12 20:27:58 PST",47583,"Hostinger International Limited","United States"
IP,205.185.115.217,"CVE-2021-44228 | Log4Shell | Log4j | Log4j RCE | Log4j2 | Malicious Websites | Malware CnC | Rogue | Rogue-ldap | Scanner | Unknownmalware | Unknownmalware C2",Medium,"Exploitation | Installation | Command & Control","2021-12-12 17:09:04 PST",53667,"FranTech Solutions","United States"
IP,191.101.132.152,"CVE-2021-44228 | Log4Shell | Log4j | Log4j RCE | Log4j2 | Malicious Websites | Scanner",Medium,Exploitation,"2021-12-12 17:09:03 PST",8100,"QuadraNet Enterprises LLC","United States"
IP,46.105.95.220,"CVE-2021-44228 | Infrastructure | Log4Shell | Log4j | Log4j RCE | Log4j2 | Malicious Websites | Scanner",High,Exploitation,"2021-12-12 16:46:26 PST",16276,"OVH SAS",France
IP,164.52.53.163,"CVE-2021-44228 | Log4Shell | Log4j | Log4j RCE | Log4j2 | Malicious Websites | Scanner",Medium,Exploitation,"2021-12-12 09:52:41 PST",63199,"CDS Global Cloud Co., Ltd",Singapore
IP,175.6.210.66,"CVE-2021-44228 | Log4Shell | Log4j | Log4j RCE | Log4j2 | Malicious Websites | Scanner",Medium,Exploitation,"2021-12-12 06:53:01 PST",63838,Hengyang,China
IP,178.176.202.121,"CVE-2021-44228 | CVE-2022-22954 | Log4Shell | Log4j | Log4j RCE | Log4j2 | Malicious Websites | Scanner | Vmware",Medium,Exploitation,"2021-12-12 06:52:59 PST",31163,"PJSC MegaFon","Russian Federation"
IP,89.249.63.3,"CVE-2021-44228 | Log4Shell | Log4j | Log4j RCE | Log4j2 | Malicious Websites | Scanner",Medium,Exploitation,"2021-12-12 03:52:32 PST",8193,"""Uzbektelekom"" Joint Stock Company",Uzbekistan
IP,1.116.59.211,"CVE-2021-44228 | Log4Shell | Log4j | Log4j RCE | Log4j2 | Malicious Websites | Scanner",Medium,Exploitation,"2021-12-12 03:52:32 PST",45090,"Shenzhen Tencent Computer Systems Company Limited",China
IP,159.89.182.117,"Ascii | Bash | CVE-2021-44228 | Java | Kinsing | Log4Shell | Log4j | Log4j RCE | Log4j2 | Malicious Websites | Mirai | Muhstik | Mushtik | Powershell | Scanner | Sh | Unknownmalware | xmrig",Medium,"Exploitation | Installation","2021-12-11 15:11:22 PST",14061,"DigitalOcean, LLC","United States"
IP,210.141.105.67,"Ascii | Bash | CVE-2021-44228 | Kinsing | Log4Shell | Log4j | Log4j RCE | Log4j2 | Malicious Websites | Muhstik | Mushtik | Scanner | Sh",Medium,"Exploitation | Installation","2021-12-11 15:11:22 PST",2516,"KDDI CORPORATION",Japan
IP,45.130.229.168,"CVE-2021-44228 | Log4Shell | Log4j | Log4j RCE | Log4j2 | Malicious Websites | Malware CnC | Muhstik | Rogue-ldap | Scanner",Medium,"Exploitation | Installation | Command & Control","2021-12-11 15:11:22 PST",47583,"Hostinger International Limited",Singapore
IP,18.228.7.109,"Ascii | Bash | CVE-2021-44228 | Elf | Kinsing | Log4Shell | Log4j | Log4j RCE | Log4j2 | Malicious Websites | Malware CnC | Muhstik | Mushtik | Scanner | Sh | Tsunami",Medium,"Exploitation | Installation | Command & Control","2021-12-11 10:46:01 PST",16509,"Amazon.com, Inc.",Brazil
IP,45.155.205.233,"CVE-2021-44228 | Log4Shell | Log4j | Log4j RCE | Log4j2 | Malicious Websites | Malware CnC | Rogue | Rogue-ldap | Scanner | Unknownmalware | Unknownmalware C2",Medium,"Exploitation | Installation | Command & Control","2021-12-10 13:45:12 PST",198953,"Proton66 OOO","Russian Federation"
IP,103.104.73.155,"CVE-2021-44228 | Log4Shell | Log4j | Log4j2 | Malicious Websites | Malware CnC | Rogue-ldap | Scanner | SitesLoader | Unknownmalware | Unknownmalware C2",Medium,"Exploitation | Installation | Command & Control","2021-12-06 03:49:44 PST",133296,"Web Werks India Pvt. Ltd.",India
IP,78.31.71.247,"CVE-2021-44228 | Log4Shell | Log4j | Log4j RCE | Log4j2 | Malicious Websites | Scanner",Medium,Exploitation,"2021-12-04 03:52:50 PST",24961,"IP Backbone of myLoc managed IT AG",Germany
IP,78.31.71.248,"CVE-2021-44228 | Log4Shell | Log4j | Log4j RCE | Log4j2 | Malicious Websites | Malware CnC | Rogue-ldap | Scanner | Unknownmalware | Unknownmalware C2",Medium,"Exploitation | Installation | Command & Control","2021-12-03 19:52:47 PST",24961,"IP Backbone of myLoc managed IT AG",Germany
IP,45.76.67.23,"AS-CHOOPA | CVE-2021-44228 | Log4Shell | Log4j | Log4j2 | Scanner",Medium,"Exploitation | Installation | Command & Control","2021-11-27 14:41:26 PST",20473,"The Constant Company, LLC","United States"
URL,http://google.onedriver-srv.ml/gadfTs55sghsSSS,"Bruteforce | CVE-2021-44228 | Log4Shell | Log4j | Log4j2 | Malicious Websites | Malware CnC | Memento Team",High,"Installation | Command & Control","2021-11-20 07:45:52 PST",,,
Domain,google.onedriver-srv.ml,"APT35 | Bruteforce | CVE-2021-44228 | Charming Kitten | Cobalt Mirage | Log4Shell | Log4j | Log4j2 | Malicious Websites | Malware CnC | Memento Ransomware | Memento Team | Phosphorus | Ransomware",High,"Installation | Command & Control","2021-11-20 07:45:52 PST",,,
IP,140.143.45.223,"CVE-2021-44228 | Log4j2 | Malicious Websites",Medium,"Installation | Command & Control","2021-11-10 19:44:50 PST",45090,"Shenzhen Tencent Computer Systems Company Limited",China
IP,167.71.13.196,"CVE-2021-44228 | Log4Shell | Log4j | Log4j RCE | Log4j2 | Malicious Websites | Scanner | Unknownmalware",Medium,"Exploitation | Installation","2021-09-10 21:05:34 PDT",14061,"DigitalOcean, LLC",Netherlands
IP,107.172.214.23,"8220 Mining Group | CVE-2021-22986 | CVE-2021-44228 | CryptoMiner | Infrastructure | Log4j | Log4j2 | Malicious Websites",High,"Exploitation | Installation | Actions","2021-04-11 19:23:31 PDT",36352,ColoCrossing,"United States"
IP,172.105.241.146,"CVE-2021-44228 | Kubernetes | Log4Shell | Log4j | Log4j2 | Malicious Websites | Muhstik | Muhstik Botnet | Scanner",Medium,"Exploitation | Installation","2021-04-04 17:44:36 PDT",63949,"Akamai Connected Cloud",Japan
IP,93.51.177.66,"APT | CVE-2021-44228 | Cyclops Blink | Infrastructure | Log4Shell | Log4j2 | Malicious Websites | Malware CnC | Sandworm | Ursnif",High,"Command & Control","2020-06-10 02:28:49 PDT",12874,"Fastweb SpA",Italy
